{
  "log_rank_diff": 0.05322438162544169,
  "rank_closeness": 0.019949941107184923,
  "category_flag": 0.0035335689045936395,
  "level_numeric": 0.007582449941107185,
  "round_stage": 0.02304181389870436,
  "match_month": 0.021054181389870436,
  "winner_home": 0.00022084805653710247,
  "loser_home": 0.0050795053003533566,
  "level_x_home": 0.005889281507656066,
  "home_x_closeness": 0.007214369846878681,
  "winner_form_5": 0.051972909305064784,
  "loser_form_5": 0.054255005889281505,
  "form_diff_5": 0.018477620730270906,
  "form_diff_10": 0.0446113074204947,
  "form_diff_20": 0.10571260306242639,
  "form_momentum_w": 0.026501766784452298,
  "form_momentum_l": 0.02326266195524146,
  "momentum_diff": 0.016269140164899883,
  "streak_capped_w": 0.01258833922261484,
  "streak_capped_l": 0.009275618374558304,
  "streak_capped_diff": 0.03202296819787986,
  "h2h_win_rate_bayes": 0.0033127208480565372,
  "career_stage": 0.05646348645465253,
  "career_stage_l": 0.04932273262661955,
  "rank_x_form_diff": 0.019949941107184923,
  "rank_closeness_x_h2h": 0.01428150765606596,
  "gender_x_rank": 0.016416372202591283,
  "same_nationality": 0.001177856301531213,
  "nat_matchup_win_diff": 0.05800942285041225,
  "winner_continent_home": 0.002429328621908127,
  "loser_continent_home": 0.002208480565371025,
  "continent_advantage_diff": 0.007876914016489989,
  "winner_elo": 0.058451118963486454,
  "loser_elo": 0.07368963486454652,
  "elo_diff": 0.09467020023557127
}